log_af_bin	inheritance	x_offset	total	het_only
-7	autosomal dominant	-1	31687	0
-7	autosomal recessive	1	24724	0
-6	autosomal dominant	-1	974	974
-6	autosomal recessive	1	3037	3037
-5	autosomal dominant	-1	1073	1069
-5	autosomal recessive	1	3793	3778
-4	autosomal dominant	-1	477	425
-4	autosomal recessive	1	1106	1010
-3	autosomal dominant	-1	167	49
-3	autosomal recessive	1	325	78
-2	autosomal dominant	-1	22	1
-2	autosomal recessive	1	47	0
-1	autosomal dominant	-1	3	0
-1	autosomal recessive	1	9	0
